<application>
  <component name="ProjectManager">
    <defaultProject>
      <component name="Encoding" addBOMForNewFiles="with BOM under Windows, with no BOM otherwise" />
      <component name="WindowStateProjectService">
        <state x="1280" y="561" key="Rider.ProjectTemplateDialog.Size" timestamp="1684140180390">
          <screen x="0" y="25" width="3360" height="1821" />
        </state>
        <state x="1280" y="561" key="Rider.ProjectTemplateDialog.Size/3360.11.2056.1285/0.25.3360.1821/-1920.569.1920.1055" timestamp="1684140180390" />
      </component>
    </defaultProject>
  </component>
</application>